"churnlabel","avg"
"No","61.2651236954000773"
"Yes","74.4413322632423756"
